{
    "master_id": "7736c032-1f85-4a54-a13f-7e80296f449f",
    "objects": [
        {
            "unique_id": "18e85ded-68ef-4de7-baf3-30179aedcfeb",
            "file_name": "18e85ded-68ef-4de7-baf3-30179aedcfeb.png",
            "bounding_box": [
                288,
                521,
                623,
                1054
            ]
        },
        {
            "unique_id": "2225683f-637e-4aaa-9632-86db11233b77",
            "file_name": "2225683f-637e-4aaa-9632-86db11233b77.png",
            "bounding_box": [
                368,
                782,
                388,
                795
            ]
        },
        {
            "unique_id": "d7c5c689-b8ed-4116-9ce2-5c21df620be6",
            "file_name": "d7c5c689-b8ed-4116-9ce2-5c21df620be6.png",
            "bounding_box": [
                287,
                696,
                481,
                1055
            ]
        },
        {
            "unique_id": "6def9ef3-ce19-4808-8788-988690b7187d",
            "file_name": "6def9ef3-ce19-4808-8788-988690b7187d.png",
            "bounding_box": [
                581,
                470,
                1485,
                960
            ]
        },
        {
            "unique_id": "e6e991a0-128d-4a54-b458-cb0165dafb30",
            "file_name": "e6e991a0-128d-4a54-b458-cb0165dafb30.png",
            "bounding_box": [
                288,
                535,
                658,
                1030
            ]
        }
    ]
}