{
    "master_id": "292ee65d-8740-4130-9daa-bb00d36e9754",
    "objects": [
        {
            "unique_id": "58e8544b-2d11-47f8-8402-f99713a9dbae",
            "file_name": "58e8544b-2d11-47f8-8402-f99713a9dbae.png",
            "bounding_box": [
                288,
                521,
                623,
                1054
            ],
            "label": "3",
            "confidence": 0.9542219638824463,
            "extracted_text": "",
            "summary": "No text extracted"
        },
        {
            "unique_id": "ca3f594b-654a-44b2-b8f2-0339b85df4a9",
            "file_name": "ca3f594b-654a-44b2-b8f2-0339b85df4a9.png",
            "bounding_box": [
                368,
                782,
                388,
                795
            ],
            "label": "72",
            "confidence": 0.22364585101604462,
            "extracted_text": "",
            "summary": "No text extracted"
        },
        {
            "unique_id": "b9fc3b7a-d8b0-437c-96b3-a98578cc7501",
            "file_name": "b9fc3b7a-d8b0-437c-96b3-a98578cc7501.png",
            "bounding_box": [
                287,
                696,
                481,
                1055
            ],
            "label": "3",
            "confidence": 0.821000337600708,
            "extracted_text": "",
            "summary": "No text extracted"
        },
        {
            "unique_id": "e739a527-ddd4-493a-9bab-ea6ee9cfc864",
            "file_name": "e739a527-ddd4-493a-9bab-ea6ee9cfc864.png",
            "bounding_box": [
                581,
                470,
                1485,
                960
            ],
            "label": "56",
            "confidence": 0.835335910320282,
            "extracted_text": "",
            "summary": "No text extracted"
        },
        {
            "unique_id": "6c24ff6c-cced-4988-a353-1128ae8b12df",
            "file_name": "6c24ff6c-cced-4988-a353-1128ae8b12df.png",
            "bounding_box": [
                288,
                535,
                658,
                1030
            ],
            "label": "3",
            "confidence": 0.939896285533905,
            "extracted_text": "",
            "summary": "No text extracted"
        }
    ]
}