Unique ID,File Name,Label,Confidence,Extracted Text,Summary
58e8544b-2d11-47f8-8402-f99713a9dbae,58e8544b-2d11-47f8-8402-f99713a9dbae.png,3,0.9542219638824463,,No text extracted
ca3f594b-654a-44b2-b8f2-0339b85df4a9,ca3f594b-654a-44b2-b8f2-0339b85df4a9.png,72,0.22364585101604462,,No text extracted
b9fc3b7a-d8b0-437c-96b3-a98578cc7501,b9fc3b7a-d8b0-437c-96b3-a98578cc7501.png,3,0.821000337600708,,No text extracted
e739a527-ddd4-493a-9bab-ea6ee9cfc864,e739a527-ddd4-493a-9bab-ea6ee9cfc864.png,56,0.835335910320282,,No text extracted
6c24ff6c-cced-4988-a353-1128ae8b12df,6c24ff6c-cced-4988-a353-1128ae8b12df.png,3,0.939896285533905,,No text extracted
